Tagname,TimeStamp,Value
WWSCADA2.NIF11010_INFL_FLOW.F_CV,8/29/2019 15:32:07,13.44389
WWSCADA2.NIF11010_INFL_FLOW.F_CV,8/29/2019 15:32:22,13.49161
WWSCADA2.NIF11010_INFL_FLOW.F_CV,8/29/2019 15:32:31,13.52472
WWSCADA2.NIF11010_INFL_FLOW.F_CV,8/29/2019 15:32:37,13.55649
WWSCADA2.NIF11010_INFL_FLOW.F_CV,8/29/2019 15:32:46,13.5062
WWSCADA2.NIF11010_INFL_FLOW.F_CV,8/29/2019 15:32:52,13.551
WWSCADA2.NIF11010_INFL_FLOW.F_CV,8/29/2019 15:32:55,13.61309
WWSCADA2.NIF11010_INFL_FLOW.F_CV,8/29/2019 15:33:01,13.57411
WWSCADA2.NIF11010_INFL_FLOW.F_CV,8/29/2019 15:33:10,13.62893
WWSCADA2.NIF11010_INFL_FLOW.F_CV,8/29/2019 15:33:13,13.67792
WWSCADA2.NIF11010_INFL_FLOW.F_CV,8/29/2019 15:33:22,13.61613
WWSCADA2.NIF11010_INFL_FLOW.F_CV,8/29/2019 15:33:25,13.53174
WWSCADA2.NIF11010_INFL_FLOW.F_CV,8/29/2019 15:33:28,13.47685
WWSCADA2.NIF11010_INFL_FLOW.F_CV,8/29/2019 15:33:31,13.44018
WWSCADA2.NIF11010_INFL_FLOW.F_CV,8/29/2019 15:33:34,13.4084
WWSCADA2.NIF11010_INFL_FLOW.F_CV,8/29/2019 15:33:40,13.45522
WWSCADA2.NIF11010_INFL_FLOW.F_CV,8/29/2019 15:33:49,13.49856
WWSCADA2.NIF11010_INFL_FLOW.F_CV,8/29/2019 15:33:52,13.54018
WWSCADA2.NIF11010_INFL_FLOW.F_CV,8/29/2019 15:34:26,13.62976
WWSCADA2.NIF11010_INFL_FLOW.F_CV,8/29/2019 15:34:29,13.67067
WWSCADA2.NIF11010_INFL_FLOW.F_CV,8/29/2019 15:34:35,13.63288
WWSCADA2.NIF11010_INFL_FLOW.F_CV,8/29/2019 15:34:44,13.58945
WWSCADA2.NIF11010_INFL_FLOW.F_CV,8/29/2019 15:34:50,13.52313
WWSCADA2.NIF11010_INFL_FLOW.F_CV,8/29/2019 15:34:53,13.4917
WWSCADA2.NIF11010_INFL_FLOW.F_CV,8/29/2019 15:35:05,13.57205
WWSCADA2.NIF11010_INFL_FLOW.F_CV,8/29/2019 15:35:08,13.61645
WWSCADA2.NIF11010_INFL_FLOW.F_CV,8/29/2019 15:35:17,13.579
WWSCADA2.NIF11010_INFL_FLOW.F_CV,8/29/2019 15:35:23,13.5342
WWSCADA2.NIF11010_INFL_FLOW.F_CV,8/29/2019 15:35:38,13.60626
WWSCADA2.NIF11010_INFL_FLOW.F_CV,8/29/2019 15:35:41,13.66137
WWSCADA2.NIF11010_INFL_FLOW.F_CV,8/29/2019 15:35:53,13.62628
WWSCADA2.NIF11010_INFL_FLOW.F_CV,8/29/2019 15:36:02,13.67394
WWSCADA2.NIF11010_INFL_FLOW.F_CV,8/29/2019 15:36:14,13.60703
WWSCADA2.NIF11010_INFL_FLOW.F_CV,8/29/2019 15:36:17,13.54336
WWSCADA2.NIF11010_INFL_FLOW.F_CV,8/29/2019 15:36:20,13.47764
WWSCADA2.NIF11010_INFL_FLOW.F_CV,8/29/2019 15:36:38,13.5098
WWSCADA2.NIF11010_INFL_FLOW.F_CV,8/29/2019 15:36:44,13.54176
WWSCADA2.NIF11010_INFL_FLOW.F_CV,8/29/2019 15:36:47,13.58735
WWSCADA2.NIF11010_INFL_FLOW.F_CV,8/29/2019 15:36:50,13.62516
WWSCADA2.NIF11010_INFL_FLOW.F_CV,8/29/2019 15:37:05,13.56841
WWSCADA2.NIF11010_INFL_FLOW.F_CV,8/29/2019 15:37:11,13.61358
WWSCADA2.NIF11010_INFL_FLOW.F_CV,8/29/2019 15:37:18,13.66162
WWSCADA2.NIF11010_INFL_FLOW.F_CV,8/29/2019 15:37:24,13.70102
WWSCADA2.NIF11010_INFL_FLOW.F_CV,8/29/2019 15:37:27,13.66505
WWSCADA2.NIF11010_INFL_FLOW.F_CV,8/29/2019 15:37:33,13.62954
WWSCADA2.NIF11010_INFL_FLOW.F_CV,8/29/2019 15:37:45,13.67406
WWSCADA2.NIF11010_INFL_FLOW.F_CV,8/29/2019 15:37:54,13.56716
WWSCADA2.NIF11010_INFL_FLOW.F_CV,8/29/2019 15:37:57,13.43471
WWSCADA2.NIF11010_INFL_FLOW.F_CV,8/29/2019 15:38:00,13.35515
WWSCADA2.NIF11010_INFL_FLOW.F_CV,8/29/2019 15:38:09,13.40047
WWSCADA2.NIF11010_INFL_FLOW.F_CV,8/29/2019 15:38:15,13.43316
WWSCADA2.NIF11010_INFL_FLOW.F_CV,8/29/2019 15:38:24,13.50549
WWSCADA2.NIF11010_INFL_FLOW.F_CV,8/29/2019 15:38:27,13.54037
WWSCADA2.NIF11010_INFL_FLOW.F_CV,8/29/2019 15:38:36,13.44766
WWSCADA2.NIF11010_INFL_FLOW.F_CV,8/29/2019 15:38:39,13.38369
WWSCADA2.NIF11010_INFL_FLOW.F_CV,8/29/2019 15:38:45,13.42238
WWSCADA2.NIF11010_INFL_FLOW.F_CV,8/29/2019 15:38:48,13.47492
WWSCADA2.NIF11010_INFL_FLOW.F_CV,8/29/2019 15:39:09,13.43249
WWSCADA2.NIF11010_INFL_FLOW.F_CV,8/29/2019 15:39:27,13.48035
WWSCADA2.NIF11010_INFL_FLOW.F_CV,8/29/2019 15:39:30,13.52697
WWSCADA2.NIF11010_INFL_FLOW.F_CV,8/29/2019 15:39:33,13.55801
WWSCADA2.NIF11010_INFL_FLOW.F_CV,8/29/2019 15:39:48,13.62616
WWSCADA2.NIF11010_INFL_FLOW.F_CV,8/29/2019 15:39:57,13.57775
WWSCADA2.NIF11010_INFL_FLOW.F_CV,8/29/2019 15:40:00,13.53422
WWSCADA2.NIF11010_INFL_FLOW.F_CV,8/29/2019 15:40:06,13.56731
WWSCADA2.NIF11010_INFL_FLOW.F_CV,8/29/2019 15:40:18,13.6006
WWSCADA2.NIF11010_INFL_FLOW.F_CV,8/29/2019 15:40:24,13.63786
WWSCADA2.NIF11010_INFL_FLOW.F_CV,8/29/2019 15:40:28,13.67212
WWSCADA2.NIF11010_INFL_FLOW.F_CV,8/29/2019 15:40:34,13.64028
WWSCADA2.NIF11010_INFL_FLOW.F_CV,8/29/2019 15:40:40,13.56871
WWSCADA2.NIF11010_INFL_FLOW.F_CV,8/29/2019 15:40:43,13.49799
WWSCADA2.NIF11010_INFL_FLOW.F_CV,8/29/2019 15:40:58,13.54424
WWSCADA2.NIF11010_INFL_FLOW.F_CV,8/29/2019 15:41:04,13.51318
WWSCADA2.NIF11010_INFL_FLOW.F_CV,8/29/2019 15:41:22,13.463
WWSCADA2.NIF11010_INFL_FLOW.F_CV,8/29/2019 15:41:25,13.42356
WWSCADA2.NIF11010_INFL_FLOW.F_CV,8/29/2019 15:41:28,13.38118
WWSCADA2.NIF11010_INFL_FLOW.F_CV,8/29/2019 15:41:37,13.41417
WWSCADA2.NIF11010_INFL_FLOW.F_CV,8/29/2019 15:41:46,13.37448
WWSCADA2.NIF11010_INFL_FLOW.F_CV,8/29/2019 15:41:49,13.33961
WWSCADA2.NIF11010_INFL_FLOW.F_CV,8/29/2019 15:41:58,13.42453
WWSCADA2.NIF11010_INFL_FLOW.F_CV,8/29/2019 15:42:13,13.48339
WWSCADA2.NIF11010_INFL_FLOW.F_CV,8/29/2019 15:42:16,13.5333
WWSCADA2.NIF11010_INFL_FLOW.F_CV,8/29/2019 15:42:34,13.49382
WWSCADA2.NIF11010_INFL_FLOW.F_CV,8/29/2019 15:42:37,13.42678
WWSCADA2.NIF11010_INFL_FLOW.F_CV,8/29/2019 15:42:40,13.36985
WWSCADA2.NIF11010_INFL_FLOW.F_CV,8/29/2019 15:42:43,13.32948
WWSCADA2.NIF11010_INFL_FLOW.F_CV,8/29/2019 15:42:49,13.3802
WWSCADA2.NIF11010_INFL_FLOW.F_CV,8/29/2019 15:43:01,13.32369
WWSCADA2.NIF11010_INFL_FLOW.F_CV,8/29/2019 15:43:04,13.3665
WWSCADA2.NIF11010_INFL_FLOW.F_CV,8/29/2019 15:43:07,13.41244
WWSCADA2.NIF11010_INFL_FLOW.F_CV,8/29/2019 15:43:22,13.45881
WWSCADA2.NIF11010_INFL_FLOW.F_CV,8/29/2019 15:43:34,13.41308
WWSCADA2.NIF11010_INFL_FLOW.F_CV,8/29/2019 15:43:37,13.37078
WWSCADA2.NIF11010_INFL_FLOW.F_CV,8/29/2019 15:43:40,13.32117
WWSCADA2.NIF11010_INFL_FLOW.F_CV,8/29/2019 15:43:50,13.35454
WWSCADA2.NIF11010_INFL_FLOW.F_CV,8/29/2019 15:44:02,13.32201
WWSCADA2.NIF11010_INFL_FLOW.F_CV,8/29/2019 15:44:14,13.37892
WWSCADA2.NIF11010_INFL_FLOW.F_CV,8/29/2019 15:44:20,13.31518
WWSCADA2.NIF11010_INFL_FLOW.F_CV,8/29/2019 15:44:23,13.28328
WWSCADA2.NIF11010_INFL_FLOW.F_CV,8/29/2019 15:44:29,13.32114
WWSCADA2.NIF11010_INFL_FLOW.F_CV,8/29/2019 15:44:32,13.36488
WWSCADA2.NIF11010_INFL_FLOW.F_CV,8/29/2019 15:44:35,13.40218
WWSCADA2.NIF11010_INFL_FLOW.F_CV,8/29/2019 15:44:41,13.43749
WWSCADA2.NIF11010_INFL_FLOW.F_CV,8/29/2019 15:44:44,13.40043
WWSCADA2.NIF11010_INFL_FLOW.F_CV,8/29/2019 15:44:50,13.44166
WWSCADA2.NIF11010_INFL_FLOW.F_CV,8/29/2019 15:44:53,13.47462
WWSCADA2.NIF11010_INFL_FLOW.F_CV,8/29/2019 15:44:56,13.51421
WWSCADA2.NIF11010_INFL_FLOW.F_CV,8/29/2019 15:45:23,13.43042
WWSCADA2.NIF11010_INFL_FLOW.F_CV,8/29/2019 15:45:26,13.37998
WWSCADA2.NIF11010_INFL_FLOW.F_CV,8/29/2019 15:45:41,13.41495
WWSCADA2.NIF11010_INFL_FLOW.F_CV,8/29/2019 15:45:47,13.3649
WWSCADA2.NIF11010_INFL_FLOW.F_CV,8/29/2019 15:46:11,13.42933
WWSCADA2.NIF11010_INFL_FLOW.F_CV,8/29/2019 15:46:14,13.49815
WWSCADA2.NIF11010_INFL_FLOW.F_CV,8/29/2019 15:46:17,13.55164
WWSCADA2.NIF11010_INFL_FLOW.F_CV,8/29/2019 15:46:26,13.49326
WWSCADA2.NIF11010_INFL_FLOW.F_CV,8/29/2019 15:46:35,13.52351
WWSCADA2.NIF11010_INFL_FLOW.F_CV,8/29/2019 15:46:44,13.48261
WWSCADA2.NIF11010_INFL_FLOW.F_CV,8/29/2019 15:46:50,13.56351
WWSCADA2.NIF11010_INFL_FLOW.F_CV,8/29/2019 15:46:54,13.60812
WWSCADA2.NIF11010_INFL_FLOW.F_CV,8/29/2019 15:47:06,13.65277
WWSCADA2.NIF11010_INFL_FLOW.F_CV,8/29/2019 15:47:09,13.69816
WWSCADA2.NIF11010_INFL_FLOW.F_CV,8/29/2019 15:47:12,13.73222
WWSCADA2.NIF11010_INFL_FLOW.F_CV,8/29/2019 15:47:18,13.7772
WWSCADA2.NIF11010_INFL_FLOW.F_CV,8/29/2019 15:47:21,13.80898
WWSCADA2.NIF11010_INFL_FLOW.F_CV,8/29/2019 15:47:30,13.84668
WWSCADA2.NIF11010_INFL_FLOW.F_CV,8/29/2019 15:47:33,13.88614
WWSCADA2.NIF11010_INFL_FLOW.F_CV,8/29/2019 15:47:39,13.91867
WWSCADA2.NIF11010_INFL_FLOW.F_CV,8/29/2019 15:47:48,13.88437
WWSCADA2.NIF11010_INFL_FLOW.F_CV,8/29/2019 15:48:12,13.91553
WWSCADA2.NIF11010_INFL_FLOW.F_CV,8/29/2019 15:48:24,13.94954
WWSCADA2.NIF11010_INFL_FLOW.F_CV,8/29/2019 15:48:42,13.91273
WWSCADA2.NIF11010_INFL_FLOW.F_CV,8/29/2019 15:48:45,13.85029
WWSCADA2.NIF11010_INFL_FLOW.F_CV,8/29/2019 15:48:48,13.76843
WWSCADA2.NIF11010_INFL_FLOW.F_CV,8/29/2019 15:48:51,13.71123
WWSCADA2.NIF11010_INFL_FLOW.F_CV,8/29/2019 15:49:00,13.67517
WWSCADA2.NIF11010_INFL_FLOW.F_CV,8/29/2019 15:49:09,13.62077
WWSCADA2.NIF11010_INFL_FLOW.F_CV,8/29/2019 15:49:15,13.58908
WWSCADA2.NIF11010_INFL_FLOW.F_CV,8/29/2019 15:49:27,13.51526
WWSCADA2.NIF11010_INFL_FLOW.F_CV,8/29/2019 15:49:30,13.48201
WWSCADA2.NIF11010_INFL_FLOW.F_CV,8/29/2019 15:49:39,13.5546
WWSCADA2.NIF11010_INFL_FLOW.F_CV,8/29/2019 15:49:42,13.59522
WWSCADA2.NIF11010_INFL_FLOW.F_CV,8/29/2019 15:49:45,13.62984
WWSCADA2.NIF11010_INFL_FLOW.F_CV,8/29/2019 15:50:07,13.57404
WWSCADA2.NIF11010_INFL_FLOW.F_CV,8/29/2019 15:50:10,13.49527
WWSCADA2.NIF11010_INFL_FLOW.F_CV,8/29/2019 15:50:13,13.4452
WWSCADA2.NIF11010_INFL_FLOW.F_CV,8/29/2019 15:50:22,13.48045
WWSCADA2.NIF11010_INFL_FLOW.F_CV,8/29/2019 15:50:25,13.54316
WWSCADA2.NIF11010_INFL_FLOW.F_CV,8/29/2019 15:50:28,13.61265
WWSCADA2.NIF11010_INFL_FLOW.F_CV,8/29/2019 15:50:34,13.53094
WWSCADA2.NIF11010_INFL_FLOW.F_CV,8/29/2019 15:50:37,13.44207
WWSCADA2.NIF11010_INFL_FLOW.F_CV,8/29/2019 15:50:40,13.39897
WWSCADA2.NIF11010_INFL_FLOW.F_CV,8/29/2019 15:50:46,13.3684
WWSCADA2.NIF11010_INFL_FLOW.F_CV,8/29/2019 15:50:49,13.41973
WWSCADA2.NIF11010_INFL_FLOW.F_CV,8/29/2019 15:50:52,13.46565
WWSCADA2.NIF11010_INFL_FLOW.F_CV,8/29/2019 15:51:22,13.49894
WWSCADA2.NIF11010_INFL_FLOW.F_CV,8/29/2019 15:51:28,13.53081
WWSCADA2.NIF11010_INFL_FLOW.F_CV,8/29/2019 15:51:34,13.45699
WWSCADA2.NIF11010_INFL_FLOW.F_CV,8/29/2019 15:51:37,13.40321
WWSCADA2.NIF11010_INFL_FLOW.F_CV,8/29/2019 15:51:43,13.44076
WWSCADA2.NIF11010_INFL_FLOW.F_CV,8/29/2019 15:51:52,13.38233
WWSCADA2.NIF11010_INFL_FLOW.F_CV,8/29/2019 15:51:55,13.32697
WWSCADA2.NIF11010_INFL_FLOW.F_CV,8/29/2019 15:52:10,13.39872
WWSCADA2.NIF11010_INFL_FLOW.F_CV,8/29/2019 15:52:13,13.44025
WWSCADA2.NIF11010_INFL_FLOW.F_CV,8/29/2019 15:52:16,13.48646
WWSCADA2.NIF11010_INFL_FLOW.F_CV,8/29/2019 15:52:22,13.52688
WWSCADA2.NIF11010_INFL_FLOW.F_CV,8/29/2019 15:52:28,13.46581
WWSCADA2.NIF11010_INFL_FLOW.F_CV,8/29/2019 15:52:40,13.41781
WWSCADA2.NIF11010_INFL_FLOW.F_CV,8/29/2019 15:52:43,13.36968
WWSCADA2.NIF11010_INFL_FLOW.F_CV,8/29/2019 15:52:46,13.33837
WWSCADA2.NIF11010_INFL_FLOW.F_CV,8/29/2019 15:53:01,13.27464
WWSCADA2.NIF11010_INFL_FLOW.F_CV,8/29/2019 15:53:04,13.20892
WWSCADA2.NIF11010_INFL_FLOW.F_CV,8/29/2019 15:53:07,13.17381
WWSCADA2.NIF11010_INFL_FLOW.F_CV,8/29/2019 15:53:16,13.23504
WWSCADA2.NIF11010_INFL_FLOW.F_CV,8/29/2019 15:53:26,13.20443
WWSCADA2.NIF11010_INFL_FLOW.F_CV,8/29/2019 15:53:41,13.23686
WWSCADA2.NIF11010_INFL_FLOW.F_CV,8/29/2019 15:53:44,13.26833
WWSCADA2.NIF11010_INFL_FLOW.F_CV,8/29/2019 15:53:47,13.30556
WWSCADA2.NIF11010_INFL_FLOW.F_CV,8/29/2019 15:53:53,13.34433
WWSCADA2.NIF11010_INFL_FLOW.F_CV,8/29/2019 15:54:02,13.39183
WWSCADA2.NIF11010_INFL_FLOW.F_CV,8/29/2019 15:54:11,13.32936
WWSCADA2.NIF11010_INFL_FLOW.F_CV,8/29/2019 15:54:14,13.29368
WWSCADA2.NIF11010_INFL_FLOW.F_CV,8/29/2019 15:54:29,13.328
WWSCADA2.NIF11010_INFL_FLOW.F_CV,8/29/2019 15:54:32,13.28394
WWSCADA2.NIF11010_INFL_FLOW.F_CV,8/29/2019 15:54:35,13.22017
WWSCADA2.NIF11010_INFL_FLOW.F_CV,8/29/2019 15:54:38,13.17418
WWSCADA2.NIF11010_INFL_FLOW.F_CV,8/29/2019 15:54:44,13.24377
WWSCADA2.NIF11010_INFL_FLOW.F_CV,8/29/2019 15:54:47,13.27604
WWSCADA2.NIF11010_INFL_FLOW.F_CV,8/29/2019 15:54:50,13.31369
WWSCADA2.NIF11010_INFL_FLOW.F_CV,8/29/2019 15:54:56,13.2675
WWSCADA2.NIF11010_INFL_FLOW.F_CV,8/29/2019 15:54:59,13.21081
WWSCADA2.NIF11010_INFL_FLOW.F_CV,8/29/2019 15:55:23,13.24934
WWSCADA2.NIF11010_INFL_FLOW.F_CV,8/29/2019 15:55:47,13.19366
WWSCADA2.NIF11010_INFL_FLOW.F_CV,8/29/2019 15:55:59,13.25948
WWSCADA2.NIF11010_INFL_FLOW.F_CV,8/29/2019 15:56:02,13.29532
WWSCADA2.NIF11010_INFL_FLOW.F_CV,8/29/2019 15:56:05,13.32843
WWSCADA2.NIF11010_INFL_FLOW.F_CV,8/29/2019 15:56:23,13.27111
WWSCADA2.NIF11010_INFL_FLOW.F_CV,8/29/2019 15:56:26,13.22517
WWSCADA2.NIF11010_INFL_FLOW.F_CV,8/29/2019 15:56:39,13.19386
WWSCADA2.NIF11010_INFL_FLOW.F_CV,8/29/2019 15:56:45,13.14849
WWSCADA2.NIF11010_INFL_FLOW.F_CV,8/29/2019 15:56:57,13.20668
WWSCADA2.NIF11010_INFL_FLOW.F_CV,8/29/2019 15:57:03,13.14264
WWSCADA2.NIF11010_INFL_FLOW.F_CV,8/29/2019 15:57:15,13.18099
WWSCADA2.NIF11010_INFL_FLOW.F_CV,8/29/2019 15:57:33,13.24632
WWSCADA2.NIF11010_INFL_FLOW.F_CV,8/29/2019 15:57:45,13.14978
WWSCADA2.NIF11010_INFL_FLOW.F_CV,8/29/2019 15:57:48,13.10783
WWSCADA2.NIF11010_INFL_FLOW.F_CV,8/29/2019 15:58:00,13.13896
WWSCADA2.NIF11010_INFL_FLOW.F_CV,8/29/2019 15:58:06,13.18481
WWSCADA2.NIF11010_INFL_FLOW.F_CV,8/29/2019 15:58:33,13.13331
WWSCADA2.NIF11010_INFL_FLOW.F_CV,8/29/2019 15:58:36,13.09142
WWSCADA2.NIF11010_INFL_FLOW.F_CV,8/29/2019 15:58:42,13.19184
WWSCADA2.NIF11010_INFL_FLOW.F_CV,8/29/2019 15:58:45,13.22441
WWSCADA2.NIF11010_INFL_FLOW.F_CV,8/29/2019 15:58:54,13.28597
WWSCADA2.NIF11010_INFL_FLOW.F_CV,8/29/2019 15:59:03,13.20524
WWSCADA2.NIF11010_INFL_FLOW.F_CV,8/29/2019 15:59:27,13.14243
WWSCADA2.NIF11010_INFL_FLOW.F_CV,8/29/2019 15:59:30,13.10828
WWSCADA2.NIF11010_INFL_FLOW.F_CV,8/29/2019 15:59:39,13.19591
WWSCADA2.NIF11010_INFL_FLOW.F_CV,8/29/2019 15:59:42,13.24301
WWSCADA2.NIF11010_INFL_FLOW.F_CV,8/29/2019 15:59:52,13.27521
WWSCADA2.NIF11010_INFL_FLOW.F_CV,8/29/2019 16:00:01,13.18159
WWSCADA2.NIF11010_INFL_FLOW.F_CV,8/29/2019 16:00:04,13.1059
WWSCADA2.NIF11010_INFL_FLOW.F_CV,8/29/2019 16:00:07,13.02694
WWSCADA2.NIF11010_INFL_FLOW.F_CV,8/29/2019 16:00:10,12.96696
WWSCADA2.NIF11010_INFL_FLOW.F_CV,8/29/2019 16:00:13,12.99726
WWSCADA2.NIF11010_INFL_FLOW.F_CV,8/29/2019 16:00:16,13.07335
WWSCADA2.NIF11010_INFL_FLOW.F_CV,8/29/2019 16:00:19,13.12885
WWSCADA2.NIF11010_INFL_FLOW.F_CV,8/29/2019 16:00:22,13.16872
WWSCADA2.NIF11010_INFL_FLOW.F_CV,8/29/2019 16:00:31,13.11265
WWSCADA2.NIF11010_INFL_FLOW.F_CV,8/29/2019 16:00:37,13.08232
WWSCADA2.NIF11010_INFL_FLOW.F_CV,8/29/2019 16:00:49,13.15495
WWSCADA2.NIF11010_INFL_FLOW.F_CV,8/29/2019 16:00:58,13.1949
WWSCADA2.NIF11010_INFL_FLOW.F_CV,8/29/2019 16:01:07,13.12822
WWSCADA2.NIF11010_INFL_FLOW.F_CV,8/29/2019 16:01:10,13.0824
WWSCADA2.NIF11010_INFL_FLOW.F_CV,8/29/2019 16:01:16,13.11834
WWSCADA2.NIF11010_INFL_FLOW.F_CV,8/29/2019 16:01:19,13.19513
WWSCADA2.NIF11010_INFL_FLOW.F_CV,8/29/2019 16:01:22,13.2541
WWSCADA2.NIF11010_INFL_FLOW.F_CV,8/29/2019 16:01:28,13.17844
WWSCADA2.NIF11010_INFL_FLOW.F_CV,8/29/2019 16:01:31,13.12629
WWSCADA2.NIF11010_INFL_FLOW.F_CV,8/29/2019 16:01:40,13.17954
WWSCADA2.NIF11010_INFL_FLOW.F_CV,8/29/2019 16:01:46,13.2248
WWSCADA2.NIF11010_INFL_FLOW.F_CV,8/29/2019 16:01:52,13.18026
WWSCADA2.NIF11010_INFL_FLOW.F_CV,8/29/2019 16:01:55,13.14948
WWSCADA2.NIF11010_INFL_FLOW.F_CV,8/29/2019 16:02:07,13.18437
WWSCADA2.NIF11010_INFL_FLOW.F_CV,8/29/2019 16:02:16,13.13992
WWSCADA2.NIF11010_INFL_FLOW.F_CV,8/29/2019 16:02:22,13.06117
WWSCADA2.NIF11010_INFL_FLOW.F_CV,8/29/2019 16:02:43,13.11679
WWSCADA2.NIF11010_INFL_FLOW.F_CV,8/29/2019 16:02:49,13.05697
WWSCADA2.NIF11010_INFL_FLOW.F_CV,8/29/2019 16:02:58,13.12947
WWSCADA2.NIF11010_INFL_FLOW.F_CV,8/29/2019 16:03:02,13.2016
WWSCADA2.NIF11010_INFL_FLOW.F_CV,8/29/2019 16:03:08,13.13026
WWSCADA2.NIF11010_INFL_FLOW.F_CV,8/29/2019 16:03:11,13.05686
WWSCADA2.NIF11010_INFL_FLOW.F_CV,8/29/2019 16:03:14,13.02049
WWSCADA2.NIF11010_INFL_FLOW.F_CV,8/29/2019 16:03:20,13.08103
WWSCADA2.NIF11010_INFL_FLOW.F_CV,8/29/2019 16:03:23,13.12731
WWSCADA2.NIF11010_INFL_FLOW.F_CV,8/29/2019 16:03:29,13.165
WWSCADA2.NIF11010_INFL_FLOW.F_CV,8/29/2019 16:03:41,13.11812
WWSCADA2.NIF11010_INFL_FLOW.F_CV,8/29/2019 16:03:44,13.06304
WWSCADA2.NIF11010_INFL_FLOW.F_CV,8/29/2019 16:03:50,13.1067
WWSCADA2.NIF11010_INFL_FLOW.F_CV,8/29/2019 16:03:56,13.0643
WWSCADA2.NIF11010_INFL_FLOW.F_CV,8/29/2019 16:03:59,13.02926
WWSCADA2.NIF11010_INFL_FLOW.F_CV,8/29/2019 16:04:02,12.99001
WWSCADA2.NIF11010_INFL_FLOW.F_CV,8/29/2019 16:04:11,13.057
WWSCADA2.NIF11010_INFL_FLOW.F_CV,8/29/2019 16:04:38,13.09493
WWSCADA2.NIF11010_INFL_FLOW.F_CV,8/29/2019 16:04:41,13.13346
WWSCADA2.NIF11010_INFL_FLOW.F_CV,8/29/2019 16:04:44,13.1768
WWSCADA2.NIF11010_INFL_FLOW.F_CV,8/29/2019 16:04:53,13.14594
WWSCADA2.NIF11010_INFL_FLOW.F_CV,8/29/2019 16:05:08,13.08194
WWSCADA2.NIF11010_INFL_FLOW.F_CV,8/29/2019 16:05:11,13.05062
WWSCADA2.NIF11010_INFL_FLOW.F_CV,8/29/2019 16:05:23,13.00311
WWSCADA2.NIF11010_INFL_FLOW.F_CV,8/29/2019 16:05:32,13.0411
WWSCADA2.NIF11010_INFL_FLOW.F_CV,8/29/2019 16:05:38,12.96423
WWSCADA2.NIF11010_INFL_FLOW.F_CV,8/29/2019 16:05:41,12.93075
WWSCADA2.NIF11010_INFL_FLOW.F_CV,8/29/2019 16:05:47,12.97823
WWSCADA2.NIF11010_INFL_FLOW.F_CV,8/29/2019 16:05:56,12.94262
WWSCADA2.NIF11010_INFL_FLOW.F_CV,8/29/2019 16:05:59,12.91138
WWSCADA2.NIF11010_INFL_FLOW.F_CV,8/29/2019 16:06:08,12.97333
WWSCADA2.NIF11010_INFL_FLOW.F_CV,8/29/2019 16:06:12,13.03008
WWSCADA2.NIF11010_INFL_FLOW.F_CV,8/29/2019 16:06:24,12.98776
WWSCADA2.NIF11010_INFL_FLOW.F_CV,8/29/2019 16:06:27,12.93822
WWSCADA2.NIF11010_INFL_FLOW.F_CV,8/29/2019 16:06:30,12.90361
WWSCADA2.NIF11010_INFL_FLOW.F_CV,8/29/2019 16:06:39,12.95003
WWSCADA2.NIF11010_INFL_FLOW.F_CV,8/29/2019 16:06:42,12.99068
WWSCADA2.NIF11010_INFL_FLOW.F_CV,8/29/2019 16:06:45,13.02804
WWSCADA2.NIF11010_INFL_FLOW.F_CV,8/29/2019 16:06:51,13.07553
WWSCADA2.NIF11010_INFL_FLOW.F_CV,8/29/2019 16:07:00,13.0409
WWSCADA2.NIF11010_INFL_FLOW.F_CV,8/29/2019 16:07:09,13.13725
WWSCADA2.NIF11010_INFL_FLOW.F_CV,8/29/2019 16:07:12,13.17476
WWSCADA2.NIF11010_INFL_FLOW.F_CV,8/29/2019 16:07:39,13.13926
WWSCADA2.NIF11010_INFL_FLOW.F_CV,8/29/2019 16:08:00,13.07768
WWSCADA2.NIF11010_INFL_FLOW.F_CV,8/29/2019 16:08:12,13.15452
WWSCADA2.NIF11010_INFL_FLOW.F_CV,8/29/2019 16:08:15,13.19993
WWSCADA2.NIF11010_INFL_FLOW.F_CV,8/29/2019 16:08:24,13.25433
WWSCADA2.NIF11010_INFL_FLOW.F_CV,8/29/2019 16:08:27,13.28788
WWSCADA2.NIF11010_INFL_FLOW.F_CV,8/29/2019 16:08:30,13.3403
WWSCADA2.NIF11010_INFL_FLOW.F_CV,8/29/2019 16:08:33,13.40466
WWSCADA2.NIF11010_INFL_FLOW.F_CV,8/29/2019 16:08:36,13.44109
WWSCADA2.NIF11010_INFL_FLOW.F_CV,8/29/2019 16:08:42,13.39326
WWSCADA2.NIF11010_INFL_FLOW.F_CV,8/29/2019 16:08:45,13.34262
WWSCADA2.NIF11010_INFL_FLOW.F_CV,8/29/2019 16:08:48,13.29221
WWSCADA2.NIF11010_INFL_FLOW.F_CV,8/29/2019 16:08:51,13.25595
WWSCADA2.NIF11010_INFL_FLOW.F_CV,8/29/2019 16:08:54,13.20938
WWSCADA2.NIF11010_INFL_FLOW.F_CV,8/29/2019 16:08:57,13.15346
WWSCADA2.NIF11010_INFL_FLOW.F_CV,8/29/2019 16:09:09,13.18467
WWSCADA2.NIF11010_INFL_FLOW.F_CV,8/29/2019 16:09:18,13.1524
WWSCADA2.NIF11010_INFL_FLOW.F_CV,8/29/2019 16:09:28,13.20525
WWSCADA2.NIF11010_INFL_FLOW.F_CV,8/29/2019 16:09:34,13.15214
WWSCADA2.NIF11010_INFL_FLOW.F_CV,8/29/2019 16:09:37,13.09959
WWSCADA2.NIF11010_INFL_FLOW.F_CV,8/29/2019 16:09:46,13.16833
WWSCADA2.NIF11010_INFL_FLOW.F_CV,8/29/2019 16:09:52,13.19916
WWSCADA2.NIF11010_INFL_FLOW.F_CV,8/29/2019 16:10:07,13.24517
WWSCADA2.NIF11010_INFL_FLOW.F_CV,8/29/2019 16:10:10,13.28076
WWSCADA2.NIF11010_INFL_FLOW.F_CV,8/29/2019 16:10:22,13.24662
WWSCADA2.NIF11010_INFL_FLOW.F_CV,8/29/2019 16:10:28,13.18064
WWSCADA2.NIF11010_INFL_FLOW.F_CV,8/29/2019 16:10:31,13.09581
WWSCADA2.NIF11010_INFL_FLOW.F_CV,8/29/2019 16:10:34,13.02431
WWSCADA2.NIF11010_INFL_FLOW.F_CV,8/29/2019 16:10:40,13.09837
WWSCADA2.NIF11010_INFL_FLOW.F_CV,8/29/2019 16:10:43,13.15032
WWSCADA2.NIF11010_INFL_FLOW.F_CV,8/29/2019 16:11:01,13.217
WWSCADA2.NIF11010_INFL_FLOW.F_CV,8/29/2019 16:11:10,13.27775
WWSCADA2.NIF11010_INFL_FLOW.F_CV,8/29/2019 16:11:13,13.32243
WWSCADA2.NIF11010_INFL_FLOW.F_CV,8/29/2019 16:11:22,13.28691
WWSCADA2.NIF11010_INFL_FLOW.F_CV,8/29/2019 16:11:25,13.24112
WWSCADA2.NIF11010_INFL_FLOW.F_CV,8/29/2019 16:11:43,13.18957
WWSCADA2.NIF11010_INFL_FLOW.F_CV,8/29/2019 16:11:46,13.15122
WWSCADA2.NIF11010_INFL_FLOW.F_CV,8/29/2019 16:11:49,13.11364
WWSCADA2.NIF11010_INFL_FLOW.F_CV,8/29/2019 16:11:55,13.22395
WWSCADA2.NIF11010_INFL_FLOW.F_CV,8/29/2019 16:11:58,13.30668
WWSCADA2.NIF11010_INFL_FLOW.F_CV,8/29/2019 16:12:01,13.38146
WWSCADA2.NIF11010_INFL_FLOW.F_CV,8/29/2019 16:12:04,13.44746
WWSCADA2.NIF11010_INFL_FLOW.F_CV,8/29/2019 16:12:10,13.39441
WWSCADA2.NIF11010_INFL_FLOW.F_CV,8/29/2019 16:12:13,13.35083
WWSCADA2.NIF11010_INFL_FLOW.F_CV,8/29/2019 16:12:22,13.3181
WWSCADA2.NIF11010_INFL_FLOW.F_CV,8/29/2019 16:12:38,13.35727
WWSCADA2.NIF11010_INFL_FLOW.F_CV,8/29/2019 16:12:41,13.41187
WWSCADA2.NIF11010_INFL_FLOW.F_CV,8/29/2019 16:12:44,13.4512
WWSCADA2.NIF11010_INFL_FLOW.F_CV,8/29/2019 16:12:47,13.49405
WWSCADA2.NIF11010_INFL_FLOW.F_CV,8/29/2019 16:12:53,13.52426
WWSCADA2.NIF11010_INFL_FLOW.F_CV,8/29/2019 16:12:56,13.55961
WWSCADA2.NIF11010_INFL_FLOW.F_CV,8/29/2019 16:12:59,13.60091
WWSCADA2.NIF11010_INFL_FLOW.F_CV,8/29/2019 16:13:08,13.55217
WWSCADA2.NIF11010_INFL_FLOW.F_CV,8/29/2019 16:13:11,13.48653
WWSCADA2.NIF11010_INFL_FLOW.F_CV,8/29/2019 16:13:14,13.44805
WWSCADA2.NIF11010_INFL_FLOW.F_CV,8/29/2019 16:13:20,13.51967
WWSCADA2.NIF11010_INFL_FLOW.F_CV,8/29/2019 16:13:23,13.58334
WWSCADA2.NIF11010_INFL_FLOW.F_CV,8/29/2019 16:13:32,13.62449
WWSCADA2.NIF11010_INFL_FLOW.F_CV,8/29/2019 16:13:56,13.65676
WWSCADA2.NIF11010_INFL_FLOW.F_CV,8/29/2019 16:14:05,13.70444
WWSCADA2.NIF11010_INFL_FLOW.F_CV,8/29/2019 16:14:20,13.64657
WWSCADA2.NIF11010_INFL_FLOW.F_CV,8/29/2019 16:14:23,13.61241
WWSCADA2.NIF11010_INFL_FLOW.F_CV,8/29/2019 16:14:32,13.67824
WWSCADA2.NIF11010_INFL_FLOW.F_CV,8/29/2019 16:14:35,13.77689
WWSCADA2.NIF11010_INFL_FLOW.F_CV,8/29/2019 16:14:47,13.85798
WWSCADA2.NIF11010_INFL_FLOW.F_CV,8/29/2019 16:14:59,13.89981
WWSCADA2.NIF11010_INFL_FLOW.F_CV,8/29/2019 16:15:14,13.95295
WWSCADA2.NIF11010_INFL_FLOW.F_CV,8/29/2019 16:15:20,13.99586
WWSCADA2.NIF11010_INFL_FLOW.F_CV,8/29/2019 16:15:23,14.03952
WWSCADA2.NIF11010_INFL_FLOW.F_CV,8/29/2019 16:15:32,14.00847
WWSCADA2.NIF11010_INFL_FLOW.F_CV,8/29/2019 16:15:38,13.96773
WWSCADA2.NIF11010_INFL_FLOW.F_CV,8/29/2019 16:15:44,14.01397
WWSCADA2.NIF11010_INFL_FLOW.F_CV,8/29/2019 16:15:50,14.04813
WWSCADA2.NIF11010_INFL_FLOW.F_CV,8/29/2019 16:15:54,14.0782
WWSCADA2.NIF11010_INFL_FLOW.F_CV,8/29/2019 16:16:00,14.12701
WWSCADA2.NIF11010_INFL_FLOW.F_CV,8/29/2019 16:16:09,14.07088
WWSCADA2.NIF11010_INFL_FLOW.F_CV,8/29/2019 16:16:12,14.02992
WWSCADA2.NIF11010_INFL_FLOW.F_CV,8/29/2019 16:16:27,14.07741
WWSCADA2.NIF11010_INFL_FLOW.F_CV,8/29/2019 16:16:30,14.13677
WWSCADA2.NIF11010_INFL_FLOW.F_CV,8/29/2019 16:16:33,14.17158
WWSCADA2.NIF11010_INFL_FLOW.F_CV,8/29/2019 16:16:36,14.2106
WWSCADA2.NIF11010_INFL_FLOW.F_CV,8/29/2019 16:16:39,14.25574
WWSCADA2.NIF11010_INFL_FLOW.F_CV,8/29/2019 16:16:42,14.30857
WWSCADA2.NIF11010_INFL_FLOW.F_CV,8/29/2019 16:16:51,14.27769
WWSCADA2.NIF11010_INFL_FLOW.F_CV,8/29/2019 16:17:00,14.31163
WWSCADA2.NIF11010_INFL_FLOW.F_CV,8/29/2019 16:17:03,14.42766
WWSCADA2.NIF11010_INFL_FLOW.F_CV,8/29/2019 16:17:06,14.50652
WWSCADA2.NIF11010_INFL_FLOW.F_CV,8/29/2019 16:17:09,14.55804
WWSCADA2.NIF11010_INFL_FLOW.F_CV,8/29/2019 16:17:12,14.52664
WWSCADA2.NIF11010_INFL_FLOW.F_CV,8/29/2019 16:17:15,14.48576
WWSCADA2.NIF11010_INFL_FLOW.F_CV,8/29/2019 16:17:30,14.43726
WWSCADA2.NIF11010_INFL_FLOW.F_CV,8/29/2019 16:17:36,14.39851
WWSCADA2.NIF11010_INFL_FLOW.F_CV,8/29/2019 16:17:39,14.35682
WWSCADA2.NIF11010_INFL_FLOW.F_CV,8/29/2019 16:17:48,14.44235
WWSCADA2.NIF11010_INFL_FLOW.F_CV,8/29/2019 16:17:51,14.55342
WWSCADA2.NIF11010_INFL_FLOW.F_CV,8/29/2019 16:17:54,14.59074
WWSCADA2.NIF11010_INFL_FLOW.F_CV,8/29/2019 16:17:57,14.54198
WWSCADA2.NIF11010_INFL_FLOW.F_CV,8/29/2019 16:18:00,14.50136
WWSCADA2.NIF11010_INFL_FLOW.F_CV,8/29/2019 16:18:06,14.4279
WWSCADA2.NIF11010_INFL_FLOW.F_CV,8/29/2019 16:18:33,14.48424
WWSCADA2.NIF11010_INFL_FLOW.F_CV,8/29/2019 16:18:39,14.53587
WWSCADA2.NIF11010_INFL_FLOW.F_CV,8/29/2019 16:18:42,14.62688
WWSCADA2.NIF11010_INFL_FLOW.F_CV,8/29/2019 16:18:45,14.69937
WWSCADA2.NIF11010_INFL_FLOW.F_CV,8/29/2019 16:18:58,14.73596
WWSCADA2.NIF11010_INFL_FLOW.F_CV,8/29/2019 16:19:01,14.76943
WWSCADA2.NIF11010_INFL_FLOW.F_CV,8/29/2019 16:19:10,14.73118
WWSCADA2.NIF11010_INFL_FLOW.F_CV,8/29/2019 16:19:16,14.67165
WWSCADA2.NIF11010_INFL_FLOW.F_CV,8/29/2019 16:19:19,14.6384
WWSCADA2.NIF11010_INFL_FLOW.F_CV,8/29/2019 16:19:25,14.69829
WWSCADA2.NIF11010_INFL_FLOW.F_CV,8/29/2019 16:19:28,14.84341
WWSCADA2.NIF11010_INFL_FLOW.F_CV,8/29/2019 16:19:37,14.78657
WWSCADA2.NIF11010_INFL_FLOW.F_CV,8/29/2019 16:19:43,14.8991
WWSCADA2.NIF11010_INFL_FLOW.F_CV,8/29/2019 16:19:46,14.98073
WWSCADA2.NIF11010_INFL_FLOW.F_CV,8/29/2019 16:19:49,14.92226
WWSCADA2.NIF11010_INFL_FLOW.F_CV,8/29/2019 16:19:52,14.85637
WWSCADA2.NIF11010_INFL_FLOW.F_CV,8/29/2019 16:19:58,14.81494
WWSCADA2.NIF11010_INFL_FLOW.F_CV,8/29/2019 16:20:04,14.77752
WWSCADA2.NIF11010_INFL_FLOW.F_CV,8/29/2019 16:20:07,14.83109
WWSCADA2.NIF11010_INFL_FLOW.F_CV,8/29/2019 16:20:10,14.8805
WWSCADA2.NIF11010_INFL_FLOW.F_CV,8/29/2019 16:20:22,14.95757
WWSCADA2.NIF11010_INFL_FLOW.F_CV,8/29/2019 16:20:31,15.03308
WWSCADA2.NIF11010_INFL_FLOW.F_CV,8/29/2019 16:20:34,15.06797
WWSCADA2.NIF11010_INFL_FLOW.F_CV,8/29/2019 16:20:37,15.11424
WWSCADA2.NIF11010_INFL_FLOW.F_CV,8/29/2019 16:20:40,15.19759
WWSCADA2.NIF11010_INFL_FLOW.F_CV,8/29/2019 16:20:43,15.25564
WWSCADA2.NIF11010_INFL_FLOW.F_CV,8/29/2019 16:20:46,15.16658
WWSCADA2.NIF11010_INFL_FLOW.F_CV,8/29/2019 16:20:49,15.07488
WWSCADA2.NIF11010_INFL_FLOW.F_CV,8/29/2019 16:20:52,15.02456
WWSCADA2.NIF11010_INFL_FLOW.F_CV,8/29/2019 16:20:58,15.11063
WWSCADA2.NIF11010_INFL_FLOW.F_CV,8/29/2019 16:21:01,15.16613
WWSCADA2.NIF11010_INFL_FLOW.F_CV,8/29/2019 16:21:07,15.10524
WWSCADA2.NIF11010_INFL_FLOW.F_CV,8/29/2019 16:21:10,15.00999
WWSCADA2.NIF11010_INFL_FLOW.F_CV,8/29/2019 16:21:13,14.9499
WWSCADA2.NIF11010_INFL_FLOW.F_CV,8/29/2019 16:21:16,14.91711
WWSCADA2.NIF11010_INFL_FLOW.F_CV,8/29/2019 16:21:19,14.88001
WWSCADA2.NIF11010_INFL_FLOW.F_CV,8/29/2019 16:21:34,14.92477
WWSCADA2.NIF11010_INFL_FLOW.F_CV,8/29/2019 16:21:40,14.95658
WWSCADA2.NIF11010_INFL_FLOW.F_CV,8/29/2019 16:21:43,14.99636
WWSCADA2.NIF11010_INFL_FLOW.F_CV,8/29/2019 16:21:49,14.95864
WWSCADA2.NIF11010_INFL_FLOW.F_CV,8/29/2019 16:22:00,14.95864
WWSCADA2.NIF11010_INFL_FLOW.F_CV,8/29/2019 16:22:01,15.09954
WWSCADA2.NIF11010_INFL_FLOW.F_CV,8/29/2019 16:22:05,15.18872
WWSCADA2.NIF11010_INFL_FLOW.F_CV,8/29/2019 16:22:11,15.15663
WWSCADA2.NIF11010_INFL_FLOW.F_CV,8/29/2019 16:22:14,15.11651
WWSCADA2.NIF11010_INFL_FLOW.F_CV,8/29/2019 16:22:17,15.08581
WWSCADA2.NIF11010_INFL_FLOW.F_CV,8/29/2019 16:22:26,15.14813
WWSCADA2.NIF11010_INFL_FLOW.F_CV,8/29/2019 16:22:29,15.20341
WWSCADA2.NIF11010_INFL_FLOW.F_CV,8/29/2019 16:22:38,15.16927
WWSCADA2.NIF11010_INFL_FLOW.F_CV,8/29/2019 16:22:44,15.20288
WWSCADA2.NIF11010_INFL_FLOW.F_CV,8/29/2019 16:22:47,15.27143
WWSCADA2.NIF11010_INFL_FLOW.F_CV,8/29/2019 16:22:56,15.23382
WWSCADA2.NIF11010_INFL_FLOW.F_CV,8/29/2019 16:23:02,15.29538
WWSCADA2.NIF11010_INFL_FLOW.F_CV,8/29/2019 16:23:08,15.37477
WWSCADA2.NIF11010_INFL_FLOW.F_CV,8/29/2019 16:23:11,15.42933
WWSCADA2.NIF11010_INFL_FLOW.F_CV,8/29/2019 16:23:14,15.45975
WWSCADA2.NIF11010_INFL_FLOW.F_CV,8/29/2019 16:23:17,15.50652
WWSCADA2.NIF11010_INFL_FLOW.F_CV,8/29/2019 16:23:20,15.47581
WWSCADA2.NIF11010_INFL_FLOW.F_CV,8/29/2019 16:23:23,15.37937
WWSCADA2.NIF11010_INFL_FLOW.F_CV,8/29/2019 16:23:26,15.27926
WWSCADA2.NIF11010_INFL_FLOW.F_CV,8/29/2019 16:23:29,15.22903
WWSCADA2.NIF11010_INFL_FLOW.F_CV,8/29/2019 16:23:38,15.29749
WWSCADA2.NIF11010_INFL_FLOW.F_CV,8/29/2019 16:23:41,15.35154
WWSCADA2.NIF11010_INFL_FLOW.F_CV,8/29/2019 16:23:44,15.39026
WWSCADA2.NIF11010_INFL_FLOW.F_CV,8/29/2019 16:23:53,15.32401
WWSCADA2.NIF11010_INFL_FLOW.F_CV,8/29/2019 16:23:56,15.29201
WWSCADA2.NIF11010_INFL_FLOW.F_CV,8/29/2019 16:24:05,15.24309
WWSCADA2.NIF11010_INFL_FLOW.F_CV,8/29/2019 16:24:11,15.27569
WWSCADA2.NIF11010_INFL_FLOW.F_CV,8/29/2019 16:24:26,15.22228
WWSCADA2.NIF11010_INFL_FLOW.F_CV,8/29/2019 16:24:35,15.18883
WWSCADA2.NIF11010_INFL_FLOW.F_CV,8/29/2019 16:24:44,15.23327
WWSCADA2.NIF11010_INFL_FLOW.F_CV,8/29/2019 16:24:47,15.29372
WWSCADA2.NIF11010_INFL_FLOW.F_CV,8/29/2019 16:24:50,15.35226
WWSCADA2.NIF11010_INFL_FLOW.F_CV,8/29/2019 16:24:56,15.39167
WWSCADA2.NIF11010_INFL_FLOW.F_CV,8/29/2019 16:25:18,15.35446
WWSCADA2.NIF11010_INFL_FLOW.F_CV,8/29/2019 16:25:27,15.29045
WWSCADA2.NIF11010_INFL_FLOW.F_CV,8/29/2019 16:25:30,15.24388
WWSCADA2.NIF11010_INFL_FLOW.F_CV,8/29/2019 16:25:33,15.21312
WWSCADA2.NIF11010_INFL_FLOW.F_CV,8/29/2019 16:25:36,15.17486
WWSCADA2.NIF11010_INFL_FLOW.F_CV,8/29/2019 16:25:45,15.24888
WWSCADA2.NIF11010_INFL_FLOW.F_CV,8/29/2019 16:25:48,15.29246
WWSCADA2.NIF11010_INFL_FLOW.F_CV,8/29/2019 16:26:00,15.25875
WWSCADA2.NIF11010_INFL_FLOW.F_CV,8/29/2019 16:26:12,15.19471
WWSCADA2.NIF11010_INFL_FLOW.F_CV,8/29/2019 16:26:15,15.16126
WWSCADA2.NIF11010_INFL_FLOW.F_CV,8/29/2019 16:26:21,15.20513
WWSCADA2.NIF11010_INFL_FLOW.F_CV,8/29/2019 16:26:24,15.24547
WWSCADA2.NIF11010_INFL_FLOW.F_CV,8/29/2019 16:26:27,15.2835
WWSCADA2.NIF11010_INFL_FLOW.F_CV,8/29/2019 16:26:36,15.22125
WWSCADA2.NIF11010_INFL_FLOW.F_CV,8/29/2019 16:26:39,15.16632
WWSCADA2.NIF11010_INFL_FLOW.F_CV,8/29/2019 16:26:42,15.11436
WWSCADA2.NIF11010_INFL_FLOW.F_CV,8/29/2019 16:26:45,15.07112
WWSCADA2.NIF11010_INFL_FLOW.F_CV,8/29/2019 16:26:54,15.13568
WWSCADA2.NIF11010_INFL_FLOW.F_CV,8/29/2019 16:27:00,15.08405
WWSCADA2.NIF11010_INFL_FLOW.F_CV,8/29/2019 16:27:03,15.02826
WWSCADA2.NIF11010_INFL_FLOW.F_CV,8/29/2019 16:27:12,15.06296
WWSCADA2.NIF11010_INFL_FLOW.F_CV,8/29/2019 16:27:30,15.02916
WWSCADA2.NIF11010_INFL_FLOW.F_CV,8/29/2019 16:27:51,15.07783
WWSCADA2.NIF11010_INFL_FLOW.F_CV,8/29/2019 16:27:54,15.11192
WWSCADA2.NIF11010_INFL_FLOW.F_CV,8/29/2019 16:28:00,15.06968
WWSCADA2.NIF11010_INFL_FLOW.F_CV,8/29/2019 16:28:06,15.02792
WWSCADA2.NIF11010_INFL_FLOW.F_CV,8/29/2019 16:28:21,14.98331
WWSCADA2.NIF11010_INFL_FLOW.F_CV,8/29/2019 16:28:28,14.94026
WWSCADA2.NIF11010_INFL_FLOW.F_CV,8/29/2019 16:28:34,14.8851
WWSCADA2.NIF11010_INFL_FLOW.F_CV,8/29/2019 16:28:40,14.83002
WWSCADA2.NIF11010_INFL_FLOW.F_CV,8/29/2019 16:28:43,14.87672
WWSCADA2.NIF11010_INFL_FLOW.F_CV,8/29/2019 16:28:46,14.9685
WWSCADA2.NIF11010_INFL_FLOW.F_CV,8/29/2019 16:28:49,15.05013
WWSCADA2.NIF11010_INFL_FLOW.F_CV,8/29/2019 16:28:58,14.9991
WWSCADA2.NIF11010_INFL_FLOW.F_CV,8/29/2019 16:29:01,14.94122
WWSCADA2.NIF11010_INFL_FLOW.F_CV,8/29/2019 16:29:04,14.88031
WWSCADA2.NIF11010_INFL_FLOW.F_CV,8/29/2019 16:29:07,14.82552
WWSCADA2.NIF11010_INFL_FLOW.F_CV,8/29/2019 16:29:10,14.7784
WWSCADA2.NIF11010_INFL_FLOW.F_CV,8/29/2019 16:29:16,14.74173
WWSCADA2.NIF11010_INFL_FLOW.F_CV,8/29/2019 16:29:25,14.70832
WWSCADA2.NIF11010_INFL_FLOW.F_CV,8/29/2019 16:29:31,14.6754
WWSCADA2.NIF11010_INFL_FLOW.F_CV,8/29/2019 16:29:37,14.62222
WWSCADA2.NIF11010_INFL_FLOW.F_CV,8/29/2019 16:29:43,14.56441
WWSCADA2.NIF11010_INFL_FLOW.F_CV,8/29/2019 16:29:49,14.5312
WWSCADA2.NIF11010_INFL_FLOW.F_CV,8/29/2019 16:29:55,14.59861
WWSCADA2.NIF11010_INFL_FLOW.F_CV,8/29/2019 16:29:58,14.65775
WWSCADA2.NIF11010_INFL_FLOW.F_CV,8/29/2019 16:30:01,14.69385
WWSCADA2.NIF11010_INFL_FLOW.F_CV,8/29/2019 16:30:07,14.74525
WWSCADA2.NIF11010_INFL_FLOW.F_CV,8/29/2019 16:30:16,14.79749
WWSCADA2.NIF11010_INFL_FLOW.F_CV,8/29/2019 16:30:25,14.7412
WWSCADA2.NIF11010_INFL_FLOW.F_CV,8/29/2019 16:30:28,14.67361
WWSCADA2.NIF11010_INFL_FLOW.F_CV,8/29/2019 16:30:31,14.62234
WWSCADA2.NIF11010_INFL_FLOW.F_CV,8/29/2019 16:30:52,14.59113
WWSCADA2.NIF11010_INFL_FLOW.F_CV,8/29/2019 16:30:58,14.54219
WWSCADA2.NIF11010_INFL_FLOW.F_CV,8/29/2019 16:31:01,14.50545
WWSCADA2.NIF11010_INFL_FLOW.F_CV,8/29/2019 16:31:13,14.46511
WWSCADA2.NIF11010_INFL_FLOW.F_CV,8/29/2019 16:31:16,14.41913
WWSCADA2.NIF11010_INFL_FLOW.F_CV,8/29/2019 16:31:34,14.37372
WWSCADA2.NIF11010_INFL_FLOW.F_CV,8/29/2019 16:31:44,14.42732
WWSCADA2.NIF11010_INFL_FLOW.F_CV,8/29/2019 16:31:53,14.37259
